ExitDistance,HasSupply,HasEnemy,ClosestEnemy,ClosestEnemyToSupply,Utility,Action
7,Yes,No,1000,1000,59,GetFood
7,Yes,No,1000,1000,59,GetFood
6,Yes,No,1000,1000,60,GetFood
5,Yes,No,1000,1000,61,GetFood
4,Yes,No,1000,1000,52,GetFood
3,Yes,No,1000,1000,51,GetFood
2,Yes,No,1000,1000,50,GetFood
2,Yes,No,1000,1000,50,GetFood
1,Yes,No,1000,1000,49,GetFood
0,Yes,No,1000,1000,48,GetFood
0,Yes,No,1000,1000,48,GetFood
1,Yes,No,1000,1000,29,GetFood
1,Yes,No,1000,1000,29,GetFood
1,Yes,No,1000,1000,29,GetFood
2,Yes,No,1000,1000,30,GetFood
3,Yes,No,1000,1000,11,GetFood
3,Yes,No,1000,1000,11,GetFood
3,Yes,No,1000,1000,11,GetFood
4,Yes,No,1000,1000,2,GetFood
5,Yes,No,1000,1000,3,GetFood
6,No,No,1000,1000,-6,GetExit
5,No,No,1000,1000,-5,GetExit
4,No,No,1000,1000,-4,GetExit
3,No,No,1000,1000,-3,GetExit
3,No,No,1000,1000,-3,GetExit
3,No,No,1000,1000,-3,GetExit
2,No,No,1000,1000,-2,GetExit
1,No,No,1000,1000,-1,GetExit
0,No,No,1000,1000,0,GetExit
0,No,No,1000,1000,0,GetExit
0,No,No,1000,1000,0,GetExit
7,Yes,Yes,6,5,13,GetFood
6,Yes,Yes,5,5,14,GetFood
6,Yes,Yes,4.426037,0.4260371,4,GetFood
5,Yes,Yes,3,0,5,GetFood
4,Yes,Yes,2,0,6,GetFood
3,Yes,Yes,1,0,7,GetFood
2,Yes,Yes,0.6277306,0.6277306,8,GetFood
2,Yes,Yes,1,1,8,GetFood
2,Yes,Yes,1,1,8,GetFood
2,No,Yes,1,1000,-2,GetExit
2,No,Yes,0.3331432,1000,-2,GetExit
1,No,Yes,1,1000,-1,GetExit
0,No,Yes,2,1000,0,GetExit
0,No,Yes,2,1000,0,GetExit
7,Yes,Yes,3,1,91,GetFood
6,Yes,Yes,2,1,92,GetFood
5,Yes,Yes,0.3556023,1.644398,93,GetFood
4,Yes,Yes,1,2,94,GetFood
3,Yes,Yes,2,2,95,GetFood
2,Yes,Yes,3,3,96,GetFood
2,Yes,Yes,2.345096,2.345096,96,GetFood
2,Yes,Yes,2,2,96,GetFood
2,Yes,Yes,2,2,76,GetFood
2,Yes,Yes,2,2,56,GetFood
2,Yes,Yes,2,2,56,GetFood
1,Yes,Yes,3,3,55,GetFood
1,Yes,Yes,3,2,35,GetFood
2,Yes,Yes,2,2,36,GetFood
2,Yes,Yes,2,2,36,GetFood
2,Yes,Yes,2,1,16,GetFood
3,No,Yes,1,1000,-3,GetExit
3,No,Yes,1,1000,-3,GetExit
2,No,Yes,2,1000,-2,GetExit
1,No,Yes,3,1000,-1,GetExit
7,Yes,Yes,4,1,3,GetFood
6,Yes,Yes,3,1,4,GetFood
5,Yes,Yes,1.60094,1,5,GetFood
4,Yes,Yes,0,1,6,GetFood
3,Yes,Yes,1,1,7,GetFood
2,Yes,Yes,1,1,8,GetFood
1,Yes,Yes,0,1,7,GetFood
2,Yes,Yes,1,1,8,GetFood
2,No,Yes,1,1000,-2,GetExit
1,No,Yes,0,1000,-1,GetExit
0,No,Yes,0.381692,1000,0,GetExit
7,Yes,Yes,6,2,31,GetExit
6,Yes,Yes,5,2,32,GetExit
5,Yes,Yes,3.376171,1.376171,33,GetExit
4,Yes,Yes,2,1,34,GetExit
3,Yes,Yes,1,1,35,GetExit
2,Yes,Yes,0,0,36,GetExit
1,Yes,Yes,0.3237629,0.4825325,35,GetExit
7,Yes,Yes,3,2,49,GetFood
7,Yes,Yes,3,2,49,GetFood
7,Yes,Yes,2.411896,1.411896,49,GetFood
6,Yes,Yes,1,1,50,GetFood
5,Yes,Yes,0,0,49,GetFood
5,Yes,Yes,0,1,31,GetFood
5,Yes,Yes,0,1,31,GetFood
4,Yes,Yes,1,2,12,GetExit
4,Yes,Yes,1,2,12,GetExit
4,Yes,Yes,1,2,12,GetExit
3,Yes,Yes,1.31105,1.31105,11,GetExit
2,Yes,Yes,2,1,10,GetExit
1,Yes,Yes,3,1,9,GetExit
7,Yes,Yes,4,2,31,GetExit
6,Yes,Yes,3,2,32,GetExit
5,Yes,Yes,1.396777,1.396777,33,GetExit
4,Yes,Yes,0,0,34,GetExit
3,Yes,Yes,1,0,33,GetExit
2,Yes,Yes,0,0,32,GetExit
1,Yes,Yes,0.5528772,0.6469164,31,GetExit
0,Yes,Yes,2,0,32,GetExit
1,Yes,Yes,1,0,33,GetExit
0,Yes,Yes,2,0,32,GetExit
0,Yes,Yes,2,0,32,GetExit
0,Yes,Yes,2,0,32,GetExit
0,Yes,Yes,2,0,32,GetExit
0,Yes,Yes,2,0,32,GetExit
0,Yes,Yes,2,0,32,GetExit
0,Yes,Yes,2,0,32,GetExit
7,Yes,Yes,2,1,57,GetFood
6,Yes,Yes,1,1,58,GetFood
5,Yes,Yes,0.625618,0.625618,59,GetFood
4,Yes,Yes,1,1,58,GetFood
4,Yes,Yes,1,0,48,GetExit
4,Yes,Yes,1,0,48,GetExit
3,Yes,Yes,0.4679248,0.4679248,47,GetExit
2,Yes,Yes,2,1,46,GetExit
1,Yes,Yes,3,1,45,GetExit
1,Yes,Yes,3,1,45,GetExit
1,Yes,Yes,3,1,45,GetExit
1,Yes,Yes,3,1,45,GetExit
1,Yes,Yes,3,1,45,GetExit
1,Yes,Yes,3,1,45,GetExit
1,Yes,Yes,3,1,45,GetExit
1,Yes,Yes,3,1,45,GetExit
0,Yes,Yes,4,1,44,GetExit
0,Yes,Yes,4,1,44,GetExit
0,Yes,Yes,4,1,44,GetExit
7,Yes,Yes,1,0,49,GetExit
6,Yes,Yes,0,0,50,GetExit
5,Yes,Yes,0.7185593,0.7185593,51,GetExit
4,Yes,Yes,1,0,52,GetExit
3,Yes,Yes,0,0,53,GetExit
2,Yes,Yes,0,0,52,GetExit
1,Yes,Yes,0.3995881,0.3995881,51,GetExit
0,Yes,Yes,1,0,46,GetFood
0,Yes,Yes,1,0,46,GetFood
0,Yes,Yes,1,0,46,GetFood
0,Yes,Yes,1,0,46,GetFood
0,Yes,Yes,1,0,46,GetFood
0,Yes,Yes,1,0,46,GetFood
0,Yes,Yes,0.6093936,0.3906064,46,GetFood
1,Yes,Yes,1,0,27,GetExit
1,Yes,Yes,1,0,27,GetExit
0,Yes,Yes,2,1,24,GetExit
0,Yes,Yes,2,1,24,GetExit
0,Yes,Yes,1.578821,0.5788207,24,GetExit
0,Yes,Yes,1,0,24,GetExit
0,Yes,Yes,1,0,24,GetExit
0,Yes,Yes,1,0,24,GetExit
0,Yes,Yes,0.5224395,0.4775605,24,GetExit
7,Yes,Yes,1,0,23,GetExit
7,Yes,Yes,1,0,23,GetExit
6,Yes,Yes,0.5725141,0.5725141,24,GetExit
5,Yes,Yes,1,1,23,GetExit
4,Yes,Yes,0,0,22,GetExit
3,Yes,Yes,1,0,21,GetExit
2,Yes,Yes,1.741117,0.258883,20,GetExit
1,Yes,Yes,2,1,19,GetExit
7,Yes,Yes,4,3,37,GetFood
7,Yes,Yes,4,3,37,GetFood
7,Yes,Yes,3.760365,2.760365,37,GetFood
7,Yes,Yes,3,2,37,GetFood
7,Yes,Yes,3,2,37,GetFood
7,Yes,Yes,3,2,37,GetFood
6,Yes,Yes,1.784263,0.2157369,24,GetExit
7,Yes,Yes,2,1,23,GetExit
7,Yes,Yes,2,1,23,GetExit
7,Yes,Yes,2,1,23,GetExit
7,Yes,Yes,1.774308,0.3469081,23,GetExit
7,Yes,Yes,1,0,23,GetExit
7,Yes,Yes,1,0,23,GetExit
6,Yes,Yes,0,0,24,GetExit
5,Yes,Yes,0.3913779,0.6086221,25,GetExit
4,Yes,Yes,1,1,26,GetExit
3,Yes,Yes,0,0,25,GetExit
2,Yes,Yes,1,0,24,GetExit
1,Yes,Yes,1.540455,0.4595451,23,GetExit
7,Yes,Yes,2,1,31,GetFood
7,Yes,Yes,2,1,31,GetFood
7,Yes,Yes,1.563917,0.5639172,31,GetFood
6,Yes,Yes,0,0,22,GetExit
7,Yes,Yes,1,0,21,GetExit
7,Yes,Yes,1,0,21,GetExit
6,Yes,Yes,0.4304519,0.4304519,22,GetExit
5,Yes,Yes,0,1,23,GetExit
4,Yes,Yes,1,1,24,GetExit
3,Yes,Yes,1,1,25,GetExit
3,Yes,Yes,1,1,25,GetExit
2,Yes,Yes,0,1,24,GetExit
1,Yes,Yes,1,1,23,GetExit
0,Yes,Yes,2,1,22,GetExit
0,Yes,Yes,1.351182,0.351182,22,GetExit
0,Yes,Yes,1,0,22,GetExit
0,Yes,Yes,1,0,22,GetExit
0,Yes,Yes,1,0,22,GetExit
0,Yes,Yes,0.3772999,0.6227001,22,GetExit
0,Yes,Yes,0,1,22,GetExit
7,Yes,Yes,2,0,61,GetExit
6,Yes,Yes,1,0,62,GetExit
5,Yes,Yes,0.03754377,0.03754377,63,GetExit
4,Yes,Yes,0,0,64,GetExit
3,Yes,Yes,1,1,65,GetExit
2,Yes,Yes,0,0,66,GetExit
1,Yes,Yes,0.7180569,0.7180569,67,GetExit
7,Yes,Yes,1,1,25,GetFood
6,Yes,Yes,0,1,26,GetFood
5,Yes,Yes,0.774945,0.774945,27,GetFood
4,Yes,Yes,0,0,28,GetFood
3,Yes,Yes,0,0,29,GetFood
2,Yes,Yes,1,2,30,GetFood
1,Yes,Yes,1.39357,1.39357,31,GetFood
1,Yes,Yes,1,1,31,GetFood
1,Yes,Yes,1,0,21,GetExit
0,Yes,Yes,2,0,20,GetExit
0,Yes,Yes,1.3673,0,20,GetExit
7,Yes,Yes,2,1,13,GetFood
6,Yes,Yes,1,1,14,GetFood
5,Yes,Yes,0.03406298,1.228674,15,GetFood
4,Yes,Yes,0,2,16,GetFood
3,Yes,Yes,0,2,17,GetFood
2,Yes,Yes,1,2,18,GetFood
1,Yes,Yes,1.588278,1.588278,19,GetFood
1,Yes,Yes,1,1,19,GetFood
1,Yes,Yes,1,1,19,GetFood
1,No,Yes,1,1000,-1,GetExit
1,No,Yes,0.5665379,1000,-1,GetExit
0,No,Yes,1,1000,0,GetExit
0,No,Yes,1,1000,0,GetExit
0,No,Yes,1,1000,0,GetExit
0,Yes,Yes,1,0,18,GetFood
0,Yes,Yes,1,0,18,GetFood
0,Yes,Yes,1,0,18,GetFood
0,Yes,Yes,1,0,18,GetFood
0,Yes,Yes,1,0,18,GetFood
0,Yes,Yes,1,0,18,GetFood
0,Yes,Yes,0.35849,0.64151,18,GetFood
1,Yes,Yes,1,1,9,GetExit
1,Yes,Yes,1,1,9,GetExit
7,Yes,Yes,1,0,21,GetExit
6,Yes,Yes,0,0,22,GetExit
5,Yes,Yes,0.624369,0,23,GetExit
4,Yes,Yes,0.8693526,0,24,GetExit
3,Yes,Yes,1,0,25,GetExit
2,Yes,Yes,0,0,26,GetExit
1,Yes,Yes,0.5589595,0.5589595,27,GetExit
7,Yes,Yes,1,1,37,GetExit
6,Yes,Yes,0,1,38,GetExit
5,Yes,Yes,0,1,39,GetExit
4,Yes,Yes,1,1,40,GetExit
3,Yes,Yes,0,1,41,GetExit
2,Yes,Yes,1,1,42,GetExit
1,Yes,Yes,2,2,43,GetExit
0,Yes,Yes,1,1,18,GetFood
1,Yes,Yes,0,1,19,GetFood
1,Yes,Yes,0,1,19,GetFood
0,Yes,Yes,1,1,18,GetFood
0,Yes,Yes,1,1,18,GetFood
1,Yes,Yes,0,1,19,GetFood
2,Yes,Yes,0,1,20,GetFood
2,Yes,Yes,0,1,20,GetFood
3,Yes,Yes,1,1,21,GetFood
4,Yes,Yes,2,2,22,GetFood
5,Yes,Yes,2.372835,3.372835,23,GetFood
6,Yes,Yes,3,3,24,GetFood
6,Yes,Yes,3,3,24,GetFood
6,Yes,Yes,3,3,24,GetFood
6,Yes,Yes,2.428046,2.428046,24,GetFood
6,Yes,Yes,2,0,14,GetExit
6,Yes,Yes,2,0,14,GetExit
5,Yes,Yes,1,0,15,GetExit
4,Yes,Yes,0.6291151,0.6291151,16,GetExit
3,Yes,Yes,0.8576505,0.8576505,15,GetExit
2,Yes,Yes,0,1,14,GetExit
1,Yes,Yes,0,1,13,GetExit
7,Yes,Yes,1,1,23,GetExit
6,Yes,Yes,0,1,24,GetExit
5,Yes,Yes,0.7533749,0.7533749,25,GetExit
4,Yes,Yes,0,0,24,GetExit
3,Yes,Yes,1,0,23,GetExit
2,Yes,Yes,0,0,22,GetExit
1,Yes,Yes,1,0,21,GetExit
7,Yes,Yes,3,0,23,GetExit
6,Yes,Yes,2,0,24,GetExit
5,Yes,Yes,1,0,25,GetExit
4,Yes,Yes,0,0,26,GetExit
3,Yes,Yes,0,0,25,GetExit
2,Yes,Yes,1,0,24,GetExit
1,Yes,Yes,1.328594,0.4259496,23,GetExit
1,Yes,Yes,1,0,23,GetExit
1,Yes,Yes,1,0,23,GetExit
0,Yes,Yes,2,0,22,GetExit
0,Yes,Yes,1.366689,0,22,GetExit
0,Yes,Yes,1,0,22,GetExit
0,Yes,Yes,1,0,22,GetExit
0,Yes,Yes,1,0,22,GetExit
0,Yes,Yes,1,0,68,GetFood
0,Yes,Yes,1,0,68,GetFood
0,Yes,Yes,0.692156,0.307844,68,GetFood
0,Yes,Yes,0,0,68,GetFood
0,Yes,Yes,0,0,68,GetFood
0,Yes,Yes,0,0,68,GetFood
7,Yes,No,1000,1000,11,GetFood
7,Yes,No,1000,1000,11,GetFood
7,Yes,No,1000,1000,11,GetFood
6,Yes,No,1000,1000,12,GetFood
5,Yes,No,1000,1000,5,GetFood
4,No,No,1000,1000,-4,GetExit
3,No,No,1000,1000,-3,GetExit
2,No,No,1000,1000,-2,GetExit
2,No,No,1000,1000,-2,GetExit
2,No,No,1000,1000,-2,GetExit
1,No,No,1000,1000,-1,GetExit
0,No,No,1000,1000,0,GetExit
0,No,No,1000,1000,0,GetExit
0,No,No,1000,1000,0,GetExit
0,Yes,Yes,5,0,28,GetFood
1,Yes,Yes,4,0,29,GetFood
2,Yes,Yes,2.357375,0.6426249,30,GetFood
3,Yes,Yes,1,1,31,GetFood
4,Yes,Yes,0,1,32,GetFood
5,Yes,Yes,1,1,33,GetFood
6,Yes,Yes,1.357669,1.357669,32,GetFood
6,Yes,Yes,1,0,14,GetFood
6,Yes,Yes,1,0,14,GetFood
5,Yes,Yes,0,0,15,GetFood
5,Yes,Yes,0,0,15,GetFood
5,No,Yes,0,1000,-5,GetExit
5,No,Yes,0,1000,-5,GetExit
5,No,Yes,0,1000,-5,GetExit
4,No,Yes,0.3247647,1000,-4,GetExit
3,No,Yes,1,1000,-3,GetExit
3,No,Yes,1,1000,-3,GetExit
2,No,Yes,2,1000,-2,GetExit
1,No,Yes,2.392405,1000,-1,GetExit
0,Yes,Yes,2,1,20,GetFood
1,Yes,Yes,1,1,21,GetFood
1,Yes,Yes,0.3585892,3.641411,11,GetFood
2,Yes,Yes,1,4,12,GetFood
3,Yes,Yes,2,4,13,GetFood
4,Yes,Yes,3,4,14,GetFood
5,Yes,Yes,3.368731,3.368731,15,GetFood
5,No,Yes,3,1000,-5,GetExit
6,No,Yes,4,1000,-6,GetExit
6,No,Yes,4,1000,-6,GetExit
7,No,Yes,4.363155,1000,-7,GetExit
7,No,Yes,4,1000,-7,GetExit
7,No,Yes,4,1000,-7,GetExit
7,No,Yes,4,1000,-7,GetExit
7,No,Yes,3.365433,1000,-7,GetExit
6,No,Yes,2,1000,-6,GetExit
5,No,Yes,1,1000,-5,GetExit
4,No,Yes,0,1000,-4,GetExit
3,No,Yes,0.3646541,1000,-3,GetExit
2,No,Yes,1,1000,-2,GetExit
1,No,Yes,2,1000,-1,GetExit
0,Yes,Yes,1,1,42,GetFood
0,Yes,Yes,1,1,42,GetFood
0,Yes,Yes,0.5541878,0.3806758,42,GetFood
0,Yes,Yes,0,0,42,GetFood
1,Yes,Yes,1,0,43,GetFood
2,Yes,Yes,0,0,34,GetFood
2,Yes,Yes,0,0,14,GetFood
2,Yes,Yes,0,0,14,GetFood
2,Yes,Yes,0,0,14,GetFood
2,Yes,Yes,0,2,4,GetFood
2,Yes,Yes,0,2,4,GetFood
2,Yes,Yes,0,2,4,GetFood
3,Yes,Yes,1,2,5,GetFood
3,Yes,Yes,1,2,5,GetFood
4,Yes,Yes,1.37568,1.37568,6,GetFood
4,No,Yes,1,1000,-4,GetExit
5,No,Yes,2,1000,-5,GetExit
6,No,Yes,3,1000,-6,GetExit
6,No,Yes,3,1000,-6,GetExit
6,No,Yes,3,1000,-6,GetExit
5,No,Yes,2,1000,-5,GetExit
4,No,Yes,1,1000,-4,GetExit
5,No,Yes,2,1000,-5,GetExit
4,No,Yes,1,1000,-4,GetExit
3,No,Yes,0,1000,-3,GetExit
2,No,Yes,1,1000,-2,GetExit
1,No,Yes,0,1000,-1,GetExit
7,Yes,Yes,4,2,45,GetFood
6,Yes,Yes,3,2,46,GetFood
5,Yes,Yes,1.391597,1.391597,47,GetFood
5,Yes,Yes,1,1,41,GetExit
5,Yes,Yes,1,1,41,GetExit
4,Yes,Yes,0,1,42,GetExit
3,Yes,Yes,0.3784914,0.3784914,43,GetExit
2,Yes,Yes,1,0,42,GetExit
1,Yes,Yes,2,0,41,GetExit
7,Yes,Yes,3,2,53,GetFood
7,Yes,Yes,3,2,53,GetFood
7,Yes,Yes,2.344432,1.344432,53,GetFood
7,Yes,Yes,2,1,53,GetFood
6,Yes,Yes,1,1,36,GetFood
6,Yes,Yes,1,0,26,GetFood
5,Yes,Yes,0,4,15,GetFood
4,Yes,Yes,1,4,16,GetFood
3,Yes,Yes,2,4,17,GetFood
3,Yes,Yes,2,4,17,GetFood
3,Yes,Yes,1.608201,3.608201,17,GetFood
2,Yes,Yes,2,3,18,GetFood
1,Yes,Yes,3,3,19,GetFood
1,No,Yes,3,1000,-1,GetExit
0,No,Yes,3.573006,1000,0,GetExit
7,Yes,Yes,1,2,47,GetFood
7,Yes,Yes,1,2,47,GetFood
7,Yes,Yes,1,2,47,GetFood
6,Yes,Yes,0.7039061,2.703906,48,GetFood
5,Yes,Yes,2,3,49,GetFood
4,Yes,Yes,3,3,50,GetFood
4,Yes,Yes,3,3,50,GetFood
4,Yes,Yes,2.966393,2.966393,50,GetFood
4,Yes,Yes,2.750673,2.750673,50,GetFood
4,Yes,Yes,2.381375,2.381375,50,GetFood
4,Yes,Yes,1.643083,1.643083,30,GetFood
4,Yes,Yes,1,1,30,GetFood
3,Yes,Yes,2,1,31,GetFood
2,Yes,Yes,1,0,32,GetFood
1,Yes,Yes,0,0,33,GetFood
1,Yes,Yes,0,0,23,GetExit
0,Yes,Yes,1,0,22,GetExit
7,Yes,Yes,5,1,3,GetExit
7,Yes,Yes,5,1,3,GetExit
7,Yes,Yes,4.357413,0.3574128,3,GetExit
7,Yes,Yes,4,0,3,GetExit
7,Yes,Yes,4,0,3,GetExit
7,Yes,Yes,4,0,3,GetExit
7,Yes,Yes,3.558127,0,3,GetExit
7,Yes,Yes,3,0,3,GetExit
6,Yes,Yes,2,0,4,GetExit
5,Yes,Yes,1,0,5,GetExit
4,Yes,Yes,0.3035803,0,6,GetExit
3,Yes,Yes,0,0,7,GetExit
2,Yes,Yes,1,0,6,GetExit
1,Yes,Yes,2,0,5,GetExit
0,Yes,Yes,1,1,66,GetFood
1,Yes,Yes,0,1,67,GetFood
2,Yes,Yes,0,1,68,GetFood
3,Yes,Yes,1,1,69,GetFood
4,Yes,Yes,0,0,68,GetFood
5,Yes,Yes,1,1,67,GetFood
6,Yes,Yes,1.640201,1.640201,66,GetFood
7,Yes,Yes,2,1,65,GetFood
6,Yes,Yes,1,1,66,GetFood
6,Yes,Yes,1,0,48,GetFood
5,Yes,Yes,0,0,31,GetExit
6,Yes,Yes,1,0,30,GetExit
7,Yes,Yes,2,0,29,GetExit
7,Yes,Yes,2,0,29,GetExit
7,Yes,Yes,2,0,29,GetExit
7,Yes,Yes,2,0,29,GetExit
7,Yes,Yes,2,0,29,GetExit
7,Yes,Yes,2,0,29,GetExit
7,Yes,Yes,2,0,29,GetExit
6,Yes,Yes,1,0,30,GetExit
5,Yes,Yes,0,0,31,GetExit
4,Yes,Yes,0,0,32,GetExit
3,Yes,Yes,0,0,33,GetExit
2,Yes,Yes,1,0,32,GetExit
1,Yes,Yes,2,0,31,GetExit
7,Yes,Yes,1,1,45,GetFood
6,Yes,Yes,0,1,46,GetFood
5,Yes,Yes,0.4047346,0.4047346,47,GetFood
4,Yes,Yes,1,0,48,GetFood
3,Yes,Yes,0,1,49,GetFood
2,Yes,Yes,1,1,50,GetFood
2,Yes,Yes,0.5449243,0.5449243,30,GetFood
2,Yes,Yes,0,1,20,GetExit
1,Yes,Yes,1,1,21,GetExit
1,Yes,Yes,1,1,21,GetExit
1,Yes,Yes,0.5829601,0.5829601,21,GetExit
7,Yes,Yes,2,1,41,GetFood
6,Yes,Yes,1,1,42,GetFood
6,Yes,Yes,1,1,30,GetFood
6,Yes,Yes,1,1,30,GetFood
5,Yes,Yes,0,1,31,GetFood
4,Yes,Yes,0,1,32,GetFood
3,Yes,Yes,1,1,33,GetFood
2,Yes,Yes,0,0,34,GetFood
2,Yes,Yes,0,0,24,GetExit
1,Yes,Yes,1,1,25,GetExit
0,Yes,Yes,1.827103,0.8271027,24,GetExit
0,Yes,Yes,2,1,18,GetFood
0,Yes,Yes,2,1,18,GetFood
0,Yes,Yes,1.358022,0.3580217,18,GetFood
0,Yes,Yes,1,0,18,GetFood
0,Yes,Yes,1,0,18,GetFood
0,Yes,Yes,1,0,18,GetFood
0,Yes,Yes,0.3750095,0.6249905,18,GetFood
1,Yes,Yes,1,1,19,GetExit
1,Yes,Yes,1,1,19,GetExit
7,Yes,Yes,4,3,37,GetFood
7,Yes,Yes,4,3,37,GetFood
7,Yes,Yes,3.399958,2.399958,37,GetFood
6,Yes,Yes,2,0,28,GetFood
6,Yes,Yes,2,0,28,GetFood
5,Yes,Yes,1,0,29,GetFood
4,Yes,Yes,0.6468523,1,12,GetFood
5,Yes,Yes,0,1,11,GetFood
5,Yes,Yes,0,1,11,GetFood
5,Yes,Yes,0,1,11,GetFood
4,Yes,Yes,0.386658,1,12,GetFood
3,Yes,Yes,1,1,13,GetFood
2,Yes,Yes,0,0,14,GetFood
1,Yes,Yes,0,1,5,GetExit
0,Yes,Yes,0.6948218,0.3403854,4,GetExit
0,Yes,Yes,0,0,4,GetExit
0,Yes,Yes,0,0,4,GetExit
0,Yes,Yes,0,0,4,GetExit
0,Yes,Yes,0,0,4,GetExit
7,Yes,Yes,2,1,33,GetFood
7,Yes,Yes,2,1,33,GetFood
7,Yes,Yes,1.587777,0.5877771,33,GetFood
7,Yes,Yes,1,0,33,GetFood
6,Yes,Yes,0,0,14,GetFood
6,Yes,Yes,0,0,14,GetFood
6,Yes,Yes,0,0,14,GetFood
5,Yes,Yes,1,0,15,GetFood
4,Yes,Yes,1,0,16,GetFood
3,Yes,Yes,0,0,17,GetFood
3,No,Yes,0,1000,-3,GetExit
2,No,Yes,1,1000,-2,GetExit
1,No,Yes,2,1000,-1,GetExit
1,No,Yes,2,1000,-1,GetExit
1,No,Yes,1.366136,1000,-1,GetExit
1,No,Yes,1,1000,-1,GetExit
0,No,Yes,2,1000,0,GetExit
0,No,Yes,2,1000,0,GetExit
0,No,Yes,1.37118,1000,0,GetExit
7,Yes,Yes,2,1,33,GetFood
7,Yes,Yes,2,1,33,GetFood
7,Yes,Yes,1.763692,0.3776371,33,GetFood
7,Yes,Yes,1,0,33,GetFood
7,Yes,Yes,1,0,33,GetFood
7,Yes,Yes,1,0,33,GetFood
7,Yes,Yes,0.739202,0.6312506,33,GetFood
6,Yes,Yes,1,1,34,GetFood
5,Yes,Yes,0,1,35,GetFood
4,Yes,Yes,1,0,16,GetExit
4,Yes,Yes,0.385818,0.4402337,16,GetExit
3,Yes,Yes,1,1,17,GetExit
2,Yes,Yes,2,1,16,GetExit
1,Yes,Yes,3,1,15,GetExit
0,Yes,Yes,1,0,10,GetFood
0,Yes,Yes,1,0,10,GetFood
0,Yes,Yes,0.690938,0.309062,10,GetFood
0,Yes,Yes,0,1,10,GetFood
0,Yes,Yes,0,1,10,GetFood
1,Yes,Yes,1,1,11,GetFood
1,Yes,Yes,0.771813,0.4454432,1,GetExit
1,Yes,Yes,0,1,1,GetExit
1,Yes,Yes,0,1,1,GetExit
0,Yes,Yes,1,1,0,GetExit
0,Yes,Yes,0.765164,1.420093,0,GetExit
0,Yes,No,1000,1000,40,GetFood
0,Yes,No,1000,1000,40,GetFood
1,Yes,No,1000,1000,21,GetFood
1,Yes,No,1000,1000,21,GetFood
2,Yes,No,1000,1000,22,GetFood
3,Yes,No,1000,1000,23,GetFood
3,Yes,No,1000,1000,13,GetFood
3,Yes,No,1000,1000,13,GetFood
3,Yes,No,1000,1000,13,GetFood
3,Yes,No,1000,1000,3,GetFood
4,Yes,No,1000,1000,4,GetFood
5,No,No,1000,1000,-5,GetExit
4,No,No,1000,1000,-4,GetExit
3,No,No,1000,1000,-3,GetExit
2,No,No,1000,1000,-2,GetExit
1,No,No,1000,1000,-1,GetExit
0,No,No,1000,1000,0,GetExit
0,No,No,1000,1000,0,GetExit
0,No,No,1000,1000,0,GetExit
7,Yes,Yes,2,1,55,GetFood
7,Yes,Yes,2,1,55,GetFood
7,Yes,Yes,2,1,55,GetFood
7,Yes,Yes,2,1,55,GetFood
6,Yes,Yes,1,0,46,GetFood
5,Yes,Yes,0,0,27,GetFood
5,Yes,Yes,0,1,9,GetFood
4,Yes,Yes,1,1,10,GetFood
3,Yes,Yes,2,1,11,GetFood
3,Yes,Yes,2,1,11,GetFood
2,Yes,Yes,2.422454,3.422454,12,GetFood
1,Yes,Yes,3,0,3,GetExit
0,Yes,Yes,4,0,2,GetExit
0,Yes,Yes,4,0,2,GetExit
0,Yes,Yes,4,0,2,GetExit
0,Yes,Yes,6,3,14,GetFood
0,Yes,Yes,6,3,14,GetFood
0,Yes,Yes,5.392789,2.392789,14,GetFood
0,Yes,Yes,5,2,14,GetFood
0,Yes,Yes,5,2,14,GetFood
1,Yes,Yes,4,2,15,GetFood
2,Yes,Yes,2.361988,1.361988,16,GetFood
3,Yes,Yes,1,1,17,GetFood
3,Yes,Yes,1,1,17,GetFood
3,No,Yes,1,1000,-3,GetExit
3,No,Yes,0.4256656,1000,-3,GetExit
2,No,Yes,1,1000,-2,GetExit
1,No,Yes,2,1000,-1,GetExit
0,Yes,Yes,5,1,2,GetExit
0,Yes,Yes,5,1,2,GetExit
0,Yes,Yes,4.356983,0.3569829,2,GetExit
0,Yes,Yes,4,0,2,GetExit
0,Yes,Yes,4,0,2,GetExit
0,Yes,Yes,4,0,2,GetExit
0,Yes,Yes,3.416355,0.3900537,2,GetExit
7,Yes,Yes,1,0,25,GetFood
6,Yes,Yes,0,0,26,GetFood
5,Yes,Yes,0.5404992,0.4595008,27,GetFood
4,Yes,Yes,1,1,28,GetFood
3,Yes,Yes,0,1,29,GetFood
2,Yes,Yes,1,1,30,GetFood
1,Yes,Yes,1.380418,1.380418,29,GetFood
1,Yes,Yes,1,1,29,GetFood
1,Yes,Yes,1,1,29,GetFood
1,Yes,Yes,1,1,29,GetFood
1,Yes,Yes,0.400261,0.400261,29,GetFood
1,Yes,Yes,0,1,9,GetExit
1,Yes,Yes,0,1,9,GetExit
1,Yes,Yes,0,1,9,GetExit
7,Yes,Yes,4,0,3,GetFood
6,Yes,Yes,3,0,4,GetFood
5,Yes,Yes,2,0,5,GetFood
4,Yes,Yes,1,0,6,GetFood
3,Yes,Yes,0,0,7,GetFood
3,No,Yes,0,1000,-3,GetExit
2,No,Yes,0.4174304,1000,-2,GetExit
1,No,Yes,2,1000,-1,GetExit
0,No,Yes,3,1000,0,GetExit
7,Yes,Yes,2,1,13,GetFood
6,Yes,Yes,1,1,14,GetFood
7,Yes,No,1000,1000,19,GetFood
7,Yes,No,1000,1000,19,GetFood
7,Yes,No,1000,1000,19,GetFood
7,Yes,No,1000,1000,19,GetFood
6,Yes,No,1000,1000,4,GetFood
5,Yes,No,1000,1000,5,GetFood
4,Yes,No,1000,1000,6,GetFood
4,Yes,No,1000,1000,6,GetFood
4,Yes,No,1000,1000,6,GetFood
4,No,No,1000,1000,-4,GetExit
4,No,No,1000,1000,-4,GetExit
4,No,No,1000,1000,-4,GetExit
4,No,No,1000,1000,-4,GetExit
4,No,No,1000,1000,-4,GetExit
4,No,No,1000,1000,-4,GetExit
4,No,No,1000,1000,-4,GetExit
3,No,No,1000,1000,-3,GetExit
2,No,No,1000,1000,-2,GetExit
1,No,No,1000,1000,-1,GetExit
7,Yes,Yes,5,4,43,GetFood
6,Yes,Yes,4,4,44,GetFood
5,Yes,Yes,2.411908,2.411908,45,GetFood
5,Yes,Yes,2,1,27,GetFood
4,Yes,Yes,1,1,28,GetFood
3,Yes,Yes,0,1,27,GetFood
2,Yes,Yes,0.3794775,1.620522,20,GetFood
3,Yes,Yes,1,2,21,GetFood
4,Yes,Yes,2,2,22,GetFood
4,Yes,Yes,2,2,22,GetFood
4,Yes,Yes,1.374699,1.374699,22,GetFood
4,Yes,Yes,1,1,12,GetExit
3,Yes,Yes,0,1,11,GetExit
2,Yes,Yes,1,1,10,GetExit
1,Yes,Yes,1.421169,1.578831,9,GetExit
0,Yes,Yes,2,2,8,GetExit
0,Yes,Yes,2,2,8,GetExit
0,Yes,Yes,2,2,8,GetExit
7,Yes,Yes,4,2,13,GetFood
6,Yes,Yes,3,2,14,GetFood
5,Yes,Yes,2,2,15,GetFood
4,Yes,Yes,1,2,16,GetFood
3,Yes,Yes,0,2,17,GetFood
2,Yes,Yes,1,2,18,GetFood
1,Yes,Yes,1.386065,1.386065,19,GetFood
0,Yes,Yes,2,1,18,GetFood
0,Yes,Yes,2,1,18,GetFood
0,Yes,Yes,2,1,18,GetFood
0,Yes,Yes,1.422298,0.422298,18,GetFood
0,Yes,Yes,1,0,18,GetFood
1,No,Yes,0,1000,-1,GetExit
1,No,Yes,0,1000,-1,GetExit
1,No,Yes,0,1000,-1,GetExit
1,No,Yes,0,1000,-1,GetExit
1,No,Yes,0,1000,-1,GetExit
7,Yes,Yes,1,1,63,GetFood
7,Yes,Yes,1,1,63,GetFood
7,Yes,Yes,1,1,63,GetFood
7,Yes,Yes,1,1,63,GetFood
7,Yes,Yes,1,1,63,GetFood
7,Yes,Yes,1,1,63,GetFood
6,Yes,Yes,0.6656532,1,64,GetFood
5,Yes,Yes,1,1,65,GetFood
5,Yes,Yes,1,0,55,GetFood
4,Yes,Yes,0,0,56,GetFood
4,Yes,Yes,0,2,36,GetFood
3,Yes,Yes,1,2,37,GetFood
2,Yes,Yes,2,2,18,GetFood
2,No,Yes,2,1000,-2,GetExit
1,No,Yes,2.574558,1000,-1,GetExit
0,No,Yes,3,1000,0,GetExit
0,No,Yes,3,1000,0,GetExit
0,No,Yes,3,1000,0,GetExit
0,No,Yes,3,1000,0,GetExit
7,Yes,Yes,1,0,23,GetExit
6,Yes,Yes,0,0,24,GetExit
5,Yes,Yes,0.3940399,0.3940399,23,GetExit
4,Yes,Yes,0,0,22,GetExit
3,Yes,Yes,1,0,21,GetExit
2,Yes,Yes,2,0,20,GetExit
1,Yes,Yes,2.613921,0.592387,19,GetExit
0,Yes,Yes,3,1,18,GetExit
0,Yes,Yes,3,1,18,GetExit
0,Yes,Yes,3,1,18,GetExit
0,Yes,Yes,2.604355,1.595337,18,GetExit
0,Yes,Yes,2,2,18,GetExit
0,Yes,Yes,2,2,18,GetExit
0,Yes,Yes,2,2,18,GetExit
0,Yes,Yes,1,2,42,GetFood
1,Yes,Yes,0,2,43,GetFood
2,Yes,Yes,1,2,44,GetFood
3,Yes,Yes,2,2,45,GetFood
3,Yes,Yes,2,2,45,GetFood
3,Yes,Yes,2,2,25,GetExit
3,Yes,Yes,1.602293,1.602293,25,GetExit
2,Yes,Yes,1,1,24,GetExit
1,Yes,Yes,0,1,23,GetExit
0,Yes,Yes,1,1,22,GetExit
0,Yes,Yes,0.3481684,0.52964,22,GetExit
0,Yes,Yes,0.03236341,0.213835,22,GetExit
0,Yes,Yes,0,0,22,GetExit
0,Yes,Yes,0,0,22,GetExit
1,Yes,Yes,0.3038912,0,23,GetExit
2,Yes,Yes,1,0,24,GetExit
3,Yes,Yes,0,0,25,GetExit
4,Yes,Yes,1,1,24,GetExit
5,Yes,Yes,1.586039,0.5860391,23,GetExit
6,Yes,Yes,2,0,22,GetExit
7,Yes,Yes,3,0,21,GetExit
7,Yes,Yes,3,0,21,GetExit
7,Yes,Yes,2.587204,0.4127965,21,GetExit
7,Yes,Yes,2,1,21,GetExit
7,Yes,Yes,2,1,21,GetExit
7,Yes,Yes,2,1,21,GetExit
7,Yes,Yes,1.559734,1.440266,21,GetExit
7,Yes,Yes,1,2,21,GetExit
6,Yes,Yes,0,2,22,GetExit
5,Yes,Yes,1,2,23,GetExit
4,Yes,Yes,1.677331,1.677331,24,GetExit
3,Yes,Yes,2,2,25,GetExit
2,Yes,Yes,1,2,24,GetExit
1,Yes,Yes,0,2,23,GetExit
0,Yes,Yes,1,2,4,GetExit
1,Yes,Yes,0,2,5,GetExit
2,Yes,Yes,0.7062279,1.706228,6,GetExit
3,Yes,Yes,1,1,7,GetExit
2,Yes,Yes,0,1,6,GetExit
1,Yes,Yes,1,1,5,GetExit
0,Yes,Yes,1.638846,1.361154,4,GetExit
0,Yes,Yes,1,2,4,GetExit
0,Yes,Yes,1,2,4,GetExit
0,Yes,Yes,1,2,4,GetExit
0,Yes,Yes,0.552892,2.447108,4,GetExit
0,Yes,Yes,0,3,4,GetExit
0,Yes,Yes,0,3,4,GetExit
7,Yes,Yes,2,0,13,GetFood
7,Yes,Yes,2,0,13,GetFood
7,Yes,Yes,1.618184,0.381816,13,GetFood
7,Yes,Yes,1,1,13,GetFood
7,Yes,Yes,1,1,13,GetFood
7,Yes,Yes,1,1,13,GetFood
7,Yes,Yes,0.613408,1.386592,13,GetFood
6,Yes,Yes,1,2,14,GetFood
5,No,Yes,2,1000,-5,GetExit
5,No,Yes,2,1000,-5,GetExit
4,No,Yes,0.3883569,1000,-4,GetExit
3,No,Yes,1,1000,-3,GetExit
2,No,Yes,0,1000,-2,GetExit
1,No,Yes,1,1000,-1,GetExit
0,Yes,Yes,3,0,2,GetExit
0,Yes,Yes,3,0,2,GetExit
0,Yes,Yes,2.326425,0,2,GetExit
0,Yes,Yes,2,0,2,GetExit
0,Yes,Yes,2,0,2,GetExit
0,Yes,Yes,2,0,2,GetExit
0,Yes,Yes,1.398747,0,2,GetExit
0,Yes,Yes,3,2,28,GetExit
0,Yes,Yes,3,2,28,GetExit
0,Yes,Yes,2.803632,2.378641,28,GetExit
0,Yes,Yes,2,3,28,GetExit
0,Yes,Yes,2,3,28,GetExit
0,Yes,Yes,2,3,28,GetExit
0,Yes,Yes,1.763673,3,28,GetExit
0,Yes,Yes,2,1,74,GetFood
0,Yes,Yes,2,1,74,GetFood
0,Yes,Yes,1.371124,0.3711238,74,GetFood
0,Yes,Yes,1,0,74,GetFood
1,Yes,Yes,0,0,65,GetFood
0,Yes,Yes,1,0,64,GetFood
1,Yes,Yes,0.5270996,0.5270996,65,GetFood
2,Yes,Yes,0,0,66,GetFood
3,Yes,Yes,1,1,65,GetFood
4,Yes,Yes,2,1,64,GetFood
5,Yes,Yes,2.563144,3.563144,63,GetFood
5,Yes,Yes,2,3,63,GetFood
5,Yes,Yes,2,3,63,GetFood
6,Yes,Yes,3,3,62,GetFood
6,Yes,Yes,2.569957,0.2225091,52,GetExit
6,Yes,Yes,2,1,52,GetExit
5,Yes,Yes,1,1,53,GetExit
4,Yes,Yes,0,1,54,GetExit
3,Yes,Yes,0.5256062,0.5256062,55,GetExit
2,Yes,Yes,1,1,56,GetExit
1,Yes,Yes,2,2,55,GetExit
0,Yes,Yes,2,1,20,GetExit
0,Yes,Yes,2,1,20,GetExit
0,Yes,Yes,1.631193,1.177454,20,GetExit
0,Yes,Yes,1,2,20,GetExit
0,Yes,Yes,1,2,20,GetExit
0,Yes,Yes,1,2,20,GetExit
0,Yes,Yes,0.6336198,1.430031,20,GetExit
7,Yes,Yes,1,0,61,GetExit
6,Yes,Yes,0,0,62,GetExit
5,Yes,Yes,0.3032831,0.3032831,61,GetExit
4,Yes,Yes,1,1,60,GetExit
3,Yes,Yes,0,1,59,GetExit
2,Yes,Yes,1,1,58,GetExit
1,Yes,Yes,1.544772,1,57,GetExit
0,Yes,Yes,2,0,-2,GetExit
0,Yes,Yes,2,0,-2,GetExit
0,Yes,Yes,1.848903,0,-2,GetExit
0,Yes,Yes,1,0,-2,GetExit
0,Yes,Yes,1,0,-2,GetExit
0,Yes,Yes,1,0,-2,GetExit
0,Yes,Yes,1,0,-2,GetExit
7,Yes,Yes,1,0,69,GetFood
7,Yes,Yes,1,0,69,GetFood
7,Yes,Yes,0.356548,0.643452,69,GetFood
6,Yes,Yes,1,1,54,GetFood
5,Yes,Yes,1,1,45,GetFood
4,Yes,Yes,0,0,44,GetFood
4,Yes,Yes,0,0,44,GetFood
3,Yes,Yes,1,0,43,GetFood
2,Yes,Yes,2,3,42,GetFood
1,Yes,Yes,3,3,41,GetFood
0,Yes,Yes,3.582691,2.582691,40,GetFood
0,Yes,Yes,3,2,40,GetFood
0,Yes,Yes,3,2,40,GetFood
1,Yes,Yes,2,1,21,GetExit
1,Yes,Yes,1.538848,0.3522427,21,GetExit
1,Yes,Yes,1,0,21,GetExit
7,Yes,Yes,2,0,13,GetExit
6,Yes,Yes,1,0,14,GetExit
5,Yes,Yes,0,0,15,GetExit
4,Yes,Yes,0,0,16,GetExit
3,Yes,Yes,0,0,15,GetExit
2,Yes,Yes,1,0,14,GetExit
1,Yes,Yes,1.422804,0.3879249,13,GetExit
0,Yes,Yes,2,0,12,GetExit
0,Yes,Yes,2,0,12,GetExit
0,Yes,Yes,2,0,12,GetExit
0,Yes,Yes,1.45222,0,12,GetExit
0,Yes,Yes,1,0,12,GetExit
0,Yes,Yes,1,0,12,GetExit
0,Yes,Yes,1,0,12,GetExit
7,Yes,Yes,3,2,23,GetFood
6,Yes,Yes,2,2,24,GetFood
6,Yes,Yes,1.807342,0,14,GetFood
6,Yes,Yes,1,0,14,GetFood
5,Yes,Yes,0,0,15,GetFood
4,Yes,Yes,1,0,16,GetFood
3,Yes,Yes,0.3766224,0,17,GetFood
2,Yes,Yes,1,0,18,GetFood
1,Yes,Yes,0,0,19,GetFood
1,Yes,Yes,0,0,19,GetFood
1,No,Yes,0,1000,-1,GetExit
0,No,Yes,1,1000,0,GetExit
0,No,Yes,1,1000,0,GetExit
7,Yes,Yes,2,0,13,GetFood
6,Yes,Yes,1,0,14,GetFood
5,Yes,Yes,0,0,15,GetFood
4,Yes,Yes,0,0.8600819,16,GetFood
3,Yes,Yes,1,1,17,GetFood
2,Yes,Yes,0,1,18,GetFood
1,Yes,Yes,1,1,19,GetFood
1,Yes,Yes,0.1915661,0.1915661,9,GetExit
0,Yes,Yes,1,0,8,GetExit
7,Yes,Yes,1,0,33,GetExit
6,Yes,Yes,0,0,34,GetExit
5,Yes,Yes,0.7628074,0.2371926,33,GetExit
4,Yes,Yes,0,0,32,GetExit
3,Yes,Yes,1,0,31,GetExit
2,Yes,Yes,0,0,30,GetExit
1,Yes,Yes,0.964327,0.4088528,29,GetExit
7,Yes,Yes,3,0,3,GetExit
6,Yes,Yes,2,0,4,GetExit
5,Yes,Yes,0.7843328,0.2156672,5,GetExit
4,Yes,Yes,0,0,6,GetExit
3,Yes,Yes,0,0,5,GetExit
2,Yes,Yes,1,0,4,GetExit
1,Yes,Yes,1.383403,0.43292,3,GetExit
7,Yes,Yes,1,1,27,GetFood
6,Yes,Yes,0,1,28,GetFood
5,Yes,Yes,1,0.9575109,29,GetFood
4,Yes,Yes,0.1114838,0.1114838,30,GetFood
3,Yes,Yes,0,0,31,GetFood
2,Yes,Yes,1,1,32,GetFood
2,Yes,Yes,1,1,32,GetFood
2,Yes,Yes,1,1,32,GetFood
2,Yes,Yes,1,1,24,GetFood
2,Yes,Yes,1,1,24,GetFood
2,Yes,Yes,0.5508072,0.2676299,14,GetFood
2,Yes,Yes,0.3098922,0.5085449,14,GetFood
2,Yes,Yes,0.05373526,0.7647018,14,GetFood
3,Yes,Yes,1,1,15,GetFood
4,Yes,Yes,1,1,16,GetFood
4,Yes,Yes,1,0,6,GetExit
3,Yes,Yes,0,0,7,GetExit
3,Yes,Yes,0,0,7,GetExit
3,Yes,Yes,0,0,7,GetExit
2,Yes,Yes,1,0,6,GetExit
1,Yes,Yes,2,0,5,GetExit
7,Yes,Yes,1,0,39,GetExit
6,Yes,Yes,0,0,40,GetExit
5,Yes,Yes,0.5778995,0.5778995,41,GetExit
4,Yes,Yes,0.8538985,0.8538985,42,GetExit
3,Yes,Yes,0,0,43,GetExit
2,Yes,Yes,1,0,42,GetExit
1,Yes,Yes,1.387059,1.387059,41,GetExit
0,Yes,Yes,2,1,40,GetExit
0,Yes,Yes,2,1,40,GetExit
0,Yes,Yes,2,1,40,GetExit
0,Yes,Yes,1.371863,0.3718629,40,GetExit
0,Yes,Yes,1,0,40,GetExit
0,Yes,Yes,1,0,40,GetExit
0,Yes,Yes,1,0,40,GetExit
7,Yes,Yes,3,0,13,GetFood
6,Yes,Yes,2,0,14,GetFood
5,Yes,Yes,0.763,0.03900003,15,GetFood
4,Yes,Yes,0.9050331,0.9050331,16,GetFood
4,Yes,Yes,1,1,16,GetFood
4,No,Yes,1,1000,-4,GetExit
4,No,Yes,0.7357764,1000,-4,GetExit
4,No,Yes,0,1000,-4,GetExit
3,No,Yes,0,1000,-3,GetExit
2,No,Yes,0,1000,-2,GetExit
1,No,Yes,1,1000,-1,GetExit
7,Yes,Yes,1,1,45,GetFood
6,Yes,Yes,0,1,46,GetFood
5,Yes,Yes,0.5735512,0.5735512,47,GetFood
4,Yes,Yes,0.8765671,0,48,GetFood
3,Yes,Yes,2,1,49,GetFood
2,Yes,Yes,1,1,50,GetFood
1,Yes,Yes,0,0,51,GetFood
1,Yes,Yes,0,1,41,GetExit
0,Yes,Yes,1,1,40,GetExit
7,Yes,Yes,3,2,45,GetFood
6,Yes,Yes,2,2,46,GetFood
5,Yes,Yes,1,0,47,GetFood
4,Yes,Yes,0,0,48,GetFood
4,Yes,Yes,0,0,38,GetFood
5,Yes,Yes,1,0,37,GetFood
6,Yes,Yes,1.449963,1.449963,36,GetFood
7,Yes,Yes,2,1,35,GetFood
7,Yes,Yes,2,1,35,GetFood
6,Yes,Yes,1,1,36,GetFood
5,Yes,Yes,0,0,37,GetFood
6,Yes,Yes,1,1,36,GetFood
7,Yes,Yes,2,1,35,GetFood
7,Yes,Yes,2,1,35,GetFood
6,Yes,Yes,1,0,20,GetExit
7,Yes,Yes,2,0,19,GetExit
7,Yes,Yes,2,0,19,GetExit
7,Yes,Yes,2,0,19,GetExit
7,Yes,Yes,1.588462,0,19,GetExit
7,Yes,Yes,1,0,19,GetExit
6,Yes,Yes,0,0,20,GetExit
5,Yes,Yes,0,0,21,GetExit
4,Yes,Yes,0,0,22,GetExit
3,Yes,Yes,1,0,23,GetExit
2,Yes,Yes,1,1,24,GetExit
1,Yes,Yes,0,1,23,GetExit
7,Yes,Yes,2,0,23,GetExit
6,Yes,Yes,1,0,24,GetExit
5,Yes,Yes,0.2295769,0.2295769,25,GetExit
4,Yes,Yes,0.1332259,0.1332259,24,GetExit
3,Yes,Yes,1,0,23,GetExit
2,Yes,Yes,0,0,22,GetExit
1,Yes,Yes,0.37115,0.03403401,21,GetExit
0,Yes,Yes,2,0,24,GetFood
0,Yes,Yes,2,0,24,GetFood
0,Yes,Yes,1.73793,0.2620701,24,GetFood
0,Yes,Yes,1,1,24,GetFood
0,Yes,Yes,1,1,24,GetFood
1,Yes,Yes,0,1,25,GetFood
2,Yes,Yes,0.5855236,0.5855236,26,GetFood
3,Yes,Yes,1,1,25,GetFood
3,Yes,Yes,1,1,25,GetFood
2,Yes,Yes,0,1,16,GetExit
1,Yes,Yes,0.860606,0.4547129,15,GetExit
0,Yes,Yes,1.02364,0,14,GetExit
0,Yes,Yes,1,0,14,GetExit
7,Yes,No,1000,1000,29,GetFood
6,Yes,No,1000,1000,30,GetFood
5,Yes,No,1000,1000,31,GetFood
5,Yes,No,1000,1000,31,GetFood
5,Yes,No,1000,1000,23,GetFood
4,Yes,No,1000,1000,14,GetFood
3,Yes,No,1000,1000,7,GetFood
2,No,No,1000,1000,-2,GetExit
1,No,No,1000,1000,-1,GetExit
0,No,No,1000,1000,0,GetExit
0,No,No,1000,1000,0,GetExit
0,No,No,1000,1000,0,GetExit
0,No,No,1000,1000,0,GetExit
0,No,No,1000,1000,0,GetExit
0,Yes,Yes,4,2,38,GetExit
0,Yes,Yes,4,2,38,GetExit
0,Yes,Yes,3,1,38,GetExit
0,Yes,Yes,3,1,38,GetExit
0,Yes,Yes,3,1,38,GetExit
0,Yes,Yes,3,1,38,GetExit
0,Yes,Yes,2,0,38,GetExit
7,Yes,Yes,2,1,29,GetFood
6,Yes,Yes,1,1,30,GetFood
6,Yes,Yes,0.06795025,0.06795025,30,GetFood
6,Yes,Yes,0,0,30,GetFood
5,Yes,Yes,1,2,11,GetFood
4,Yes,Yes,2,0,2,GetExit
4,Yes,Yes,1.091575,0.9084249,2,GetExit
3,Yes,Yes,2,1,1,GetExit
2,Yes,Yes,3,1,0,GetExit
1,Yes,Yes,4,1,-1,GetExit
0,Yes,Yes,4,2,-2,GetExit
0,Yes,Yes,4,2,-2,GetExit
0,Yes,Yes,4,2,-2,GetExit
0,Yes,Yes,4,2,-2,GetExit
7,Yes,Yes,1,0,41,GetFood
6,Yes,Yes,0,0,42,GetFood
5,Yes,Yes,0.05426073,0.7683301,41,GetFood
6,Yes,Yes,1,1,42,GetFood
6,Yes,Yes,1,1,42,GetFood
6,Yes,Yes,1,1,42,GetFood
6,Yes,Yes,0.557807,0.557807,42,GetFood
6,Yes,Yes,0,2,32,GetFood
5,Yes,Yes,0,2,33,GetFood
4,Yes,Yes,1,2,34,GetFood
3,Yes,Yes,1,1,35,GetFood
3,Yes,Yes,1,1,27,GetFood
3,Yes,Yes,1,2,17,GetFood
3,Yes,Yes,1,2,17,GetFood
3,Yes,Yes,0.02377701,1.023777,17,GetFood
2,Yes,Yes,1,1,18,GetFood
2,Yes,Yes,1,2,8,GetExit
1,Yes,Yes,2,2,9,GetExit
0,Yes,Yes,3,2,8,GetExit
0,Yes,Yes,3,2,8,GetExit
0,Yes,Yes,3,2,8,GetExit
7,Yes,Yes,1,2,17,GetFood
6,Yes,Yes,0,2,18,GetFood
6,Yes,Yes,0,2,18,GetFood
6,Yes,Yes,0,2,18,GetFood
7,Yes,Yes,1,2,17,GetFood
7,Yes,Yes,1,2,17,GetFood
7,Yes,Yes,1,1.229996,17,GetFood
6,Yes,Yes,0,1,18,GetFood
5,Yes,Yes,1,1,19,GetFood
4,Yes,Yes,1,1,14,GetFood
4,Yes,Yes,0.2515221,1.748478,14,GetFood
3,Yes,Yes,1,2,15,GetFood
2,Yes,Yes,2,2,16,GetFood
2,Yes,Yes,2,3,8,GetExit
1,Yes,Yes,2.244328,2.244328,9,GetExit
0,Yes,Yes,3,2,8,GetExit
0,Yes,Yes,3,2,8,GetExit
0,Yes,Yes,3,2,8,GetExit
0,Yes,Yes,2.227741,1.227741,8,GetExit
7,Yes,Yes,4,3,3,GetFood
6,Yes,Yes,3,3,4,GetFood
6,Yes,Yes,2.185485,2.185485,4,GetFood
6,No,Yes,2,1000,-6,GetExit
6,No,Yes,2,1000,-6,GetExit
5,No,Yes,1,1000,-5,GetExit
4,No,Yes,0.8814931,1000,-4,GetExit
3,No,Yes,0,1000,-3,GetExit
2,No,Yes,1,1000,-2,GetExit
1,No,Yes,2,1000,-1,GetExit
0,No,Yes,2,1000,0,GetExit
7,Yes,Yes,2,1,49,GetFood
6,Yes,Yes,1,1,50,GetFood
6,Yes,Yes,0.2232113,0.2232113,50,GetFood
6,Yes,Yes,0,0,50,GetFood
7,Yes,Yes,1,0,49,GetFood
7,Yes,Yes,1,0,49,GetFood
7,Yes,Yes,0.1662102,0.8337898,49,GetFood
6,Yes,Yes,1,2,38,GetFood
7,Yes,Yes,0,2,37,GetFood
7,Yes,Yes,0,2,37,GetFood
7,Yes,Yes,0,2,37,GetFood
7,Yes,Yes,0,2,37,GetFood
6,Yes,Yes,1,2,38,GetFood
5,Yes,Yes,2,2,39,GetFood
4,Yes,Yes,2,2,40,GetFood
4,Yes,Yes,2,0,24,GetExit
3,Yes,Yes,1,0,25,GetExit
3,Yes,Yes,1,0,25,GetExit
2,Yes,Yes,0,0,26,GetExit
1,Yes,Yes,1,1,27,GetExit
0,Yes,Yes,2,1,26,GetExit
0,Yes,Yes,2,1,26,GetExit
0,Yes,Yes,1.136539,0.1365386,26,GetExit
0,Yes,Yes,1,0,26,GetExit
0,Yes,Yes,1,0,26,GetExit
0,Yes,Yes,1,0,26,GetExit
0,Yes,Yes,0.2403689,0.759631,26,GetExit
0,Yes,Yes,3,0,8,GetExit
0,Yes,Yes,3,0,8,GetExit
0,Yes,Yes,2.406104,0.7788868,8,GetExit
0,Yes,Yes,2,1,8,GetExit
0,Yes,Yes,2,1,8,GetExit
0,Yes,Yes,2,1,8,GetExit
0,Yes,Yes,2,1.744118,8,GetExit
7,Yes,Yes,1,0,23,GetExit
6,Yes,Yes,0,0,24,GetExit
5,Yes,Yes,0.4115925,1.411592,23,GetExit
4,Yes,Yes,1,1,22,GetExit
3,Yes,Yes,1,1,21,GetExit
2,Yes,Yes,0,1,20,GetExit
3,Yes,Yes,1,1,21,GetExit
2,Yes,Yes,0,1,20,GetExit
3,Yes,Yes,1,1,21,GetExit
2,Yes,Yes,0,1,20,GetExit
3,Yes,Yes,1,0,21,GetExit
2,Yes,Yes,0,0,20,GetExit
1,Yes,Yes,1,0,19,GetExit
0,Yes,Yes,2,0,18,GetExit
1,Yes,Yes,0.2003078,0.9758732,19,GetExit
0,Yes,Yes,1,1,18,GetExit
0,Yes,Yes,1,1,18,GetExit
0,Yes,Yes,1,1,18,GetExit
0,Yes,Yes,0.2499081,1,18,GetExit
1,Yes,Yes,1,1,19,GetExit
1,Yes,Yes,1,1,19,GetExit
1,Yes,Yes,1,1,19,GetExit
0,Yes,Yes,0.844848,1,18,GetExit
0,Yes,Yes,1,1,18,GetExit
7,Yes,Yes,3,1,25,GetExit
6,Yes,Yes,2,1,26,GetExit
5,Yes,Yes,0.06228209,0.06228209,27,GetExit
4,Yes,Yes,0,0,28,GetExit
3,Yes,Yes,1,0,29,GetExit
2,Yes,Yes,0,0,30,GetExit
1,Yes,Yes,0.751265,0.751265,29,GetExit
0,Yes,Yes,1,0,28,GetExit
0,Yes,Yes,1,0,28,GetExit
0,Yes,Yes,1,0,28,GetExit
0,Yes,Yes,0.4131311,0.5868689,28,GetExit
1,Yes,Yes,1,1,29,GetExit
1,Yes,Yes,1,1,29,GetExit
1,Yes,Yes,1,1,29,GetExit
0,Yes,Yes,0.617058,0.201319,28,GetExit
0,Yes,Yes,1,0,28,GetExit
0,Yes,Yes,2,1,0,GetExit
0,Yes,Yes,2,1,0,GetExit
0,Yes,Yes,1.132217,0,0,GetExit
0,Yes,Yes,1,0,0,GetExit
0,Yes,Yes,1,0,0,GetExit
0,Yes,Yes,1,0,0,GetExit
0,Yes,Yes,0.2088623,1,0,GetExit
0,Yes,Yes,2,1,50,GetFood
0,Yes,Yes,2,1,50,GetFood
0,Yes,Yes,1.228351,0.2283511,50,GetFood
1,Yes,Yes,0,0,51,GetFood
1,Yes,Yes,0,1,33,GetFood
0,Yes,Yes,1,1,32,GetFood
0,Yes,Yes,0.1322565,1,32,GetFood
